position,rank,name,lastName,uri,imageUri,worth,age,source,industry,gender
1,1,Wang Jianlin,Wang,wang-jianlin,wang-jianlin,30000,61,real estate,Real Estate,M
2,2,Jack Ma,Ma,jack-ma,jack-ma,21800,51,Alibaba,Technology,M
3,3,Ma Huateng,Ma,ma-huateng,ma-huateng,17600,44,internet,Technology,M
4,4,Lei Jun,Lei,lei-jun,lei-jun,13200,45,smartphones,Technology,M
5,5,Wang Wenyin,Wang,wang-wenyin,wang-wenyin,12100,47,"mining, copper products",Metals & Mining,M
6,6,Robin Li,Li,robin-li,robin-li,10400,47,internet search,Technology,M
7,7,He Xiangjian,He,he-xiangjian,he-xiangjian,9300,73,home appliances,Manufacturing,M
8,8,Hui Ka Yan,Hui,hui-ka-yan,hui-ka-yan,8700,57,real estate,Real Estate,M
9,9,Liu Qiangdong,Liu,liu-qiangdong,liu-qiangdong,7800,41,e-commerce,Technology,M
10,10,William Ding,Ding,william-ding,william-ding,7500,44,online games,Technology,M
11,11,Guo Guangchang,Guo,guo-guangchang,guo-guangchang,7300,48,conglomerate,Diversified,M
12,11,Zong Qinghou,Zong,zong-qinghou,zong-qinghou,7300,70,beverages,Food and Beverage,M
13,13,Lu Guanqiu,Lu,lu-guanqiu,lu-guanqiu,7000,70,conglomerate,Diversified,M
14,14,Wei Jianjun,Wei,wei-jianjun,wei-jianjun,6400,51,automobiles,Automotive,M
15,15,Zhang Zhidong,Zhang,zhang-zhidong,zhang-zhidong,6300,43,internet media,Technology,M
16,16,Chan Laiwa,Chan,chan-laiwa,chan-laiwa,6200,74,real estate,Real Estate,F
17,17,Jia Yueting,Jia,jia-yueting,jia-yueting,6000,42,online video,Technology,M
18,18,Zhou Qunfei,Zhou,zhou-qunfei,zhou-qunfei,5900,45,smartphone glass covers,Technology,F
19,19,Liu Yongxing,Liu,liu-yongxing,liu-yongxing,5600,67,agribusiness,Service,M
20,20,Zhou Jianping,Zhou,zhou-jianping,no-pic,5550,55,apparel,Fashion and Retail,M
21,21,Wang Chuanfu,Wang,wang-chuanfu,wang-chuanfu,5500,49,"batteries, autos",Automotive,M
22,22,Sun Guangxin,Sun,sun-guangxin,sun-guangxin,5300,52,diversified,Diversified,M
23,23,Gong Hongjia,Gong,gong-hongjia,gong-hongjia,5200,50,investments,Investments,M
24,24,Yang Huiyan,Yang,yang-huiyan,yang-huiyan,5100,34,real estate,Real Estate,F
25,25,Hui Wing Mau,Hui,hui-wing-mau,hui-wing-mau,4950,65,real estate,Real Estate,M
26,26,Liu Yonghao,Liu,liu-yonghao,liu-yonghao,4900,64,agribusiness,Service,M
27,27,Li Hejun,Li,li-hejun,li-hejun,4800,48,renewable energy,Energy,M
28,28,Zhang Jindong,Zhang,zhang-jindong,zhang-jindong,4750,52,appliance retailer,Fashion and Retail,M
29,29,Lu Zhiqiang,Lu,lu-zhiqiang,lu-zhiqiang,4700,63,conglomerate,Diversified,M
30,30,Tong Jinquan,Tong,tong-jinquan,no-pic,4600,61,real estate,Real Estate,M
31,31,Liang Wengen,Liang,liang-wengen,liang-wengen,4400,58,construction equipment,Manufacturing,M
32,32,Wang Wei,Wang,wang-wei,wang-wei,4000,44,package delivery service,Service,M
33,32,Wang Wenxue,Wang,wang-wenxue,wang-wenxue,4000,48,real estate,Real Estate,M
34,34,Huang Rulun,Huang,huang-rulun,huang-rulun,3950,64,real estate,Real Estate,M
35,35,Pang Kang,Pang,pang-kang,no-pic,3900,59,soy sauce maker,Food and Beverage,M
36,36,Qiu Guanghe,Qiu,qiu-guanghe,qiu-guanghe,3800,64,apparel retail,Fashion and Retail,M
37,37,Sun Piaoyang,Sun,sun-piaoyang,sun-piaoyang,3700,57,pharmaceuticals,Healthcare,M
38,38,Li Shufu,Li,li-shufu,li-shufu,3600,52,automobiles,Automotive,M
39,38,Frank Wang,Wang,frank-wang,frank-wang,3600,35,drones,Technology,M
40,40,Zhang Shiping,Zhang,zhang-shiping,zhang-shiping,3550,68,aluminum products,Metals & Mining,M
41,41,Lu Xiangyang,Lu,lu-xiangyang,lu-xiangyang,3500,52,"automobiles, batteries",Automotive,M
42,41,Pan Zhengmin,Pan,pan-zhengmin,pan-zhengmin,3500,45,electronics,Technology,M
43,41,Wu Yajun,Wu,wu-yajun,wu-yajun,3500,51,real estate,Real Estate,F
44,44,Zhou Guohui,Zhou,zhou-guohui,zhou-guohui,3450,50,logistics,Logistics,M
45,45,Ye Chenghai,Ye,ye-chenghai,ye-chenghai,3350,72,pharmaceuticals,Healthcare,M
46,46,Ma Jianrong,Ma,ma-jianrong,ma-jianrong,3200,51,"textiles, apparel",Fashion and Retail,M
47,46,Wang Yusuo,Wang,wang-yusuo,wang-yusuo,3200,51,natural gas distribution,Energy,M
48,48,Yang Kai,Yang,yang-kai,yang-kai,3180,58,dairy products,Food and Beverage,M
49,49,Shi Yuzhu,Shi,shi-yuzhu,shi-yuzhu,3150,53,"online games, investments",Diversified,M
50,50,Qi Shi,Qi,qi-shi,qi-shi,3100,45,internet portal,Technology,M
51,51,Sit Kwong Lam,Sit,sit-kwong-lam,sit-kwong-lam,3000,47,"oil, transportation",Energy,M
52,51,Yu Yong,Yu,yu-yong,no-pic,3000,54,mining investments,Investments,M
53,53,Jiang Bin,Jiang,jiang-bin,jiang-bin,2950,49,acoustic components,Technology,M
54,54,Wang Changtian,Wang,wang-changtian,wang-changtian,2930,50,"TV, movie production",Media,M
55,55,Chen Fashu,Chen,chen-fashu,chen-fashu,2920,55,"mining, hypermarkets",Diversified,M
56,56,Che Jianxing,Che,che-jianxing,no-pic,2900,49,furniture retailing,Fashion and Retail,M
57,56,Lin Xiucheng,Lin,lin-xiucheng,lin-xiucheng,2900,60,electronics,Technology,M
58,56,Simon Xie,Xie,simon-xie,simon-xie,2900,45,online payment service,Technology,M
59,59,He Qiaonv,He,he-qiaonv,he-qiaonv,2850,49,landscape architecture,Service,F
60,59,Huang Wei,Huang,huang-wei,no-pic,2850,56,diversified,Real Estate,M
61,59,Tse Ping,Tse,tse-ping,tse-ping,2850,63,pharmaceuticals,Healthcare,M
62,62,Fu Liquan,Fu,fu-liquan,no-pic,2800,48,surveillance equipment,Technology,M
63,62,Huang Shih Tsai,Huang,huang-shih-tsai,huang-shih-tsai,2800,64,real estate,Real Estate,M
64,62,Ke Zunhong,Ke,ke-zunhong,no-pic,2800,61,pharmaceuticals,Healthcare,M
65,62,Li Zhongchu,Li,li-zhongchu,no-pic,2800,52,software,Technology,M
66,66,Lu Feng,Lu,lu-feng,lu-feng,2750,,financial information,Media,M
67,67,Huang Wenji,Huang,huang-wenji,no-pic,2700,46,umbrellas,Manufacturing,M
68,67,Liang Xinjun,Liang,liang-xinjun,liang-xinjun,2700,47,conglomerate,Diversified,M
69,67,Qin Yinglin,Qin,qin-yinglin,qin-yinglin,2700,50,pig breeding,Food and Beverage,M
70,67,Wang Jing,Wang,wang-jing,wang-jing,2700,42,telecom services,Telecom,M
71,67,Zhang Xin,Zhang,zhang-xin,zhang-xin,2700,50,real estate,Real Estate,F
72,72,Cai Dongqing,Cai,cai-dongqing-2,cai-dongqing-2,2650,46,animation,Media,M
73,72,Liu Xiaodong,Liu,liu-xiaodong,no-pic,2650,48,flavorings,Manufacturing,M
74,74,Sze Man Bok,Sze,sze-man-bok,sze-man-bok,2600,65,hygiene products,Manufacturing,M
75,74,Zhou Yifeng,Zhou,zhou-yifeng-1,no-pic,2600,46,chemicals,Manufacturing,M
76,76,Liu Zhongtian,Liu,liu-zhongtian,liu-zhongtian,2550,51,aluminum products,Manufacturing,M
77,76,Shen Guojun,Shen,shen-guojun,shen-guojun,2550,53,retail,Fashion and Retail,M
78,76,Song Zuowen,Song,song-zuowen,song-zuowen,2550,68,"aluminum, diversified",Diversified,M
79,79,Hui Lin Chit,Hui,hui-lin-chit,hui-lin-chit,2500,62,hygiene products,Manufacturing,M
80,79,Li Li,Li,li-li-2,li-li-2,2500,51,pharmaceuticals,Healthcare,M
81,81,Wang Wenjing,Wang,wang-wenjing,wang-wenjing,2450,50,enterprise software,Technology,M
82,81,Zhou Chengjian,Zhou,zhou-chengjian,zhou-chengjian,2450,50,apparel retail,Fashion and Retail,M
83,83,Chen Jianhua,Chen,chen-jianhua,chen-jianhua,2400,44,chemicals,Manufacturing,M
84,83,Wang Xing,Wang,wang-xing,wang-xing,2400,42,e-commerce,Technology,M
85,83,Wu Guangming,Wu,wu-guangming,wu-guangming,2400,53,medical equipment,Healthcare,M
86,83,Xiong Xuqiang,Xiong,xiong-xuqiang,xiong-xuqiang,2400,59,real estate,Real Estate,M
87,87,Jiang Wei,Jiang,jiang-wei,jiang-wei,2300,53,pharmaceuticals,Healthcare,M
88,87,Liu Zhiqiang,Liu,liu-zhiqiang,liu-zhiqiang,2300,51,conglomerate,Diversified,M
89,89,Du Jiangtao,Du,du-jiangtao,du-jiangtao,2250,46,chemicals,Manufacturing,M
90,90,Cai Kui,Cai,cai-kui,cai-kui,2200,52,real estate,Real Estate,M
91,91,Zhou Yahui,Zhou,zhou-yahui-1,no-pic,2180,38,online games,Technology,M
92,92,Ma Xingtian,Ma,ma-xingtian,ma-xingtian,2150,46,pharmaceuticals,Medicine,M
93,92,Shen Wenrong,Shen,shen-wenrong,shen-wenrong,2150,69,steel production,Metals & Mining,M
94,94,Cao Longxiang,Cao,cao-longxiang,no-pic,2100,58,pharmaceuticals,Healthcare,M
95,94,Chen Bang,Chen,chen-bang,chen-bang,2100,50,hospitals,Healthcare,M
96,96,Xue Xiangdong,Xue,xue-xiangdong,no-pic,2080,56,software,Technology,M
97,97,Yan Zhi,Yan,yan-zhi,yan-zhi,2050,42,real estate,Real Estate,M
98,97,Yang Keng,Yang,yang-keng,yang-keng,2050,54,real estate,Real Estate,M
99,99,Kei Hoi Pang,Kei,kei-hoi-pang,kei-hoi-pang,2000,49,real estate,Real Estate,M
100,99,Wong Luen Hei,Wong,wong-luen-hei,wong-luen-hei,2000,53,home building materials,Manufacturing,M
101,101,Zheng Yuewen,Zheng,zheng-yuewen,zheng-yuewen,1990,53,investments,Diversified,M
102,102,Chanchai Ruayrungruang,Ruayrungruang,chanchai-ruayrungruang,chanchai-ruayrungruang,1980,61,real estate,Real Estate,M
103,102,Sun Qinghuan,Sun,sun-qinghuan,no-pic,1980,42,lighting,Manufacturing,M
104,104,Wu Liangding,Wu,wu-liangding,no-pic,1970,69,wheel production,Automotive,M
105,105,Fu Meicheng,Fu,fu-meicheng,fu-meicheng,1960,58,"TV shows, movies",Media,M
106,105,Xiao Wenge,Xiao,xiao-wenge,xiao-wenge,1960,48,entertainment,Media,M
107,107,Tianfu Lin,Lin,tianfu-lin,no-pic,1950,53,"footwear, apparel",Fashion and Retail,M
108,107,Lo Siu Yu,Lo,lo-siu-yu,no-pic,1950,45,conglomerate,Diversified,M
109,107,Zhang Guiping,Zhang,zhang-guiping,zhang-guiping,1950,64,real estate,Real Estate,M
110,110,Li Shuirong,Li,li-shuirong,li-shuirong,1940,59,petrochemicals,Manufacturing,M
111,110,Michael Tsang,Tsang,michael-tsang,no-pic,1940,44,telecommunications,Technology,M
112,112,Zhang Zhangsun,Zhang,zhang-zhangsun,zhang-zhangsun,1900,58,real estate,Real Estate,M
113,113,Sun Xishuang,Sun,sun-xishuang,sun-xishuang,1870,62,real estate,Real Estate,M
114,114,Chen Jinxia,Chen,chen-jinxia,no-pic-female,1860,47,investments,Investments,F
115,114,Fang Wei,Fang,fang-wei,no-pic,1860,42,steel,Manufacturing,M
116,116,Hu Kaijun,Hu,hu-kaijun,no-pic,1850,53,pharmaceuticals,Healthcare,M
117,117,Tian Ming,Tian,tian-ming,no-pic,1840,61,measuring instruments,Technology,M
118,118,Liang Yunchao,Liang,liang-yunchao,liang-yunchao,1830,46,nutrition supplements,Food and Beverage,M
119,118,Zhang Desheng,Zhang,zhang-desheng,no-pic,1830,65,manufacturing,,M
120,118,Zhu Xingliang,Zhu,zhu-xingliang,zhu-xingliang,1830,56,construction,Construction & Engineering,M
121,121,Feng Hailiang,Feng,feng-hailiang,feng-hailiang,1800,55,"copper processing, real estate",Metals & Mining,M
122,121,Nan Cunhui,Nan,nan-cunhui,nan-cunhui,1800,52,electrical power equipment,Manufacturing,M
123,121,Wang Zhenghua,Wang,wang-zhenghua,wang-zhenghua,1800,71,budget airline,Service,M
124,121,Zhou Xiaoguang,Zhou,zhou-xiaoguang,zhou-xiaoguang,1800,53,real estate,,F
125,125,Fang Tonghua,Fang,fang-tonghua,no-pic,1790,52,pharmaceuticals,,M
126,126,Huang Hongyun,Huang,huang-hongyun,huang-hongyun,1770,49,real estate,Real Estate,M
127,127,Ding Shizhong,Ding,ding-shizhong,ding-shizhong,1750,44,sports apparel,Fashion and Retail,M
128,128,Ding Shijia,Ding,ding-shijia,no-pic,1740,51,sportswear,Fashion and Retail,M
129,128,Jiang Rensheng,Jiang,jiang-rensheng,jiang-rensheng,1740,62,vaccine production,Healthcare,M
130,128,Ma Xiuhui,Ma,ma-xiuhui,ma-xiuhui,1740,44,LED lighting,Manufacturing,F
131,131,Huang Li,Huang,huang-li-1,huang-li-1,1730,52,infrared imaging systems,Technology,M
132,131,Wang Laichun,Wang,wang-laichun,no-pic-female,1730,48,electronics components,Technology,F
133,131,Wang Laisheng,Wang,wang-laisheng,no-pic,1730,50,electronics components,Technology,M
134,134,Chu Lam Yiu,Chu,chu-lam-yiu,chu-lam-yiu,1720,45,flavorings,Manufacturing,F
135,135,Ni Zugen,Ni,ni-zugen,no-pic,1710,58,appliances,Manufacturing,M
136,135,Zhu Baoguo,Zhu,zhu-baoguo,zhu-baoguo,1710,53,pharmaceuticals,Healthcare,M
137,137,Huo Qinghua,Huo,huo-qinghua,no-pic,1700,54,coal,Energy,M
138,137,Li Liufa,Li,li-liufa,li-liufa,1700,58,"steel, diversified",Diversified,M
139,137,Li Wa,Li,li-wa,li-wa,1700,49,real estate,,M
140,137,Que Wenbin,Que,que-wenbin,no-pic,1700,52,pharmaceuticals,Medicine,M
141,137,Shao Genhuo,Shao,shao-genhuo,shao-genhuo,1700,50,agribusiness,Food and Beverage,M
142,137,Wang Qingtao,Wang,wang-qingtao,no-pic,1700,53,steel smelting,Metals & Mining,M
143,137,Xu Jingren,Xu,xu-jingren,xu-jingren,1700,71,pharmaceuticals,Healthcare,M
144,137,Zhu Yicai,Zhu,zhu-yicai,zhu-yicai,1700,51,"meat products, retailing",Diversified,M
145,145,Lin Jianhua,Lin,lin-jianhua-1,no-pic,1690,53,solar panel components,Manufacturing,M
146,145,Wen Yibo,Wen,wen-yibo,wen-yibo,1690,50,wastewater treatment,Service,M
147,145,Xu Ziquan,Xu,xu-ziquan,no-pic,1690,57,software,Technology,M
148,148,Lin Li,Lin,lin-li,no-pic,1680,52,investments,Investments,M
149,149,Wang Jianfeng,Wang,wang-jianfeng,no-pic,1670,45,auto parts,Automotive,M
150,149,Wong Kwong Yu,Wong,wong-kwong-yu,wong-kwong-yu,1670,46,retail,Retail,M
151,149,Zhang Li,Zhang,zhang-li,zhang-li,1670,62,real estate,Real Estate,M
152,152,Huang Zhenda,Huang,huang-zhenda,huang-zhenda,1650,68,construction,Construction & Engineering,M
153,152,Shuai Fangwen,Shuai,shuai-fangwen,no-pic,1650,49,pharmaceuticals,Medicine,M
154,154,Huang Qisen,Huang,huang-qisen,huang-qisen,1640,50,real estate,Real Estate,M
155,154,Lam Kong,Lam,lam-kong,lam-kong,1640,51,pharmaceuticals,Healthcare,M
156,156,Zhang Changhong,Zhang,zhang-changhong,zhang-changhong,1620,57,finance information service,Finance,M
157,157,Jiang Zhaobai,Jiang,jiang-zhaobai,jiang-zhaobai,1610,52,real estate,Real Estate,M
158,157,Lei Jufang,Lei,lei-jufang,lei-jufang,1610,62,pharmaceuticals,Healthcare,F
159,159,King Pak Fu,King,king-pak-fu,king-pak-fu,1600,45,real estate,Real Estate,M
160,160,Yin Mingshan,Yin,yin-mingshan,yin-mingshan,1580,77,automobile,,M
161,161,Han Tao,Han,han-tao,no-pic,1570,55,electronics components,,M
162,161,Qi Jinxing,Qi,qi-jinxing,qi-jinxing,1570,53,real estate,Real Estate,M
163,161,Wu Gang,Wu,wu-gang,no-pic,1570,38,Investment,,M
164,164,Liang Guangwei,Liang,liang-guangwei,no-pic,1560,52,"batteries, mini motors",Manufacturing,M
165,164,Qiu Jianping,Qiu,qiu-jianping,qiu-jianping,1560,53,hand tools,Manufacturing,M
166,166,Ke Xiping,Ke,ke-xiping,ke-xiping,1550,55,investments,Diversified,M
167,166,Zan Shengda,Zan,zan-shengda,zan-shengda,1550,52,diversified,Diversified,M
168,168,Gu Wei,Gu,gu-wei,no-pic,1530,50,consumer electronics,Manufacturing,M
169,169,Che Fengsheng,Che,che-fengsheng,che-fengsheng,1520,52,pharmaceuticals,Healthcare,M
170,169,Geng Jianming,Geng,geng-jianming,geng-jianming,1520,53,real estate,Real Estate,M
171,171,Ruan Shuilong,Ruan,ruan-shuilong,no-pic,1510,79,chemicals,Manufacturing,M
172,172,Cheng Kin Ming,Cheng,cheng-kin-ming,cheng-kin-ming,1500,,solar power generation,Manufacturing,M
173,172,Huang Wen Tsai,Huang,huang-wen-tsai,huang-wen-tsai,1500,62,real estate,Real Estate,M
174,172,Miao Shouliang,Miao,miao-shouliang,miao-shouliang,1500,60,"real estate, diversified",Diversified,M
175,172,Shen Ya,Shen,shen-ya,no-pic,1500,44,online apparel retail,Technology,M
176,172,Xiu Laigui,Xiu,xiu-laigui,xiu-laigui,1500,61,pharmaceuticals,Healthcare,M
177,172,Jane Yan,Yan,jane-yan,jane-yan,1500,46,software,Technology,F
178,178,Cho Tak Wong,Cho,cho-tak-wong,cho-tak-wong,1490,69,auto parts,Manufacturing,M
179,179,Shao Zhongyi,Shao,shao-zhongyi,no-pic,1480,47,soybean trading,Food and Beverage,M
180,179,Zheng Xiaodong,Zheng,zheng-xiaodong,no-pic,1480,51,manufacturing,,M
181,181,Wang Junmin,Wang,wang-junmin,wang-junmin,1460,46,pharmaceuticals,Healthcare,M
182,181,Wu Jianshu,Wu,wu-jianshu,no-pic,1460,51,auto parts,,M
183,181,Wu Xushun,Wu,wu-xushun,no-pic,1460,67,auto parts,,M
184,184,Li Weiwei,Li,li-weiwei,no-pic,1450,38,online games,,M
185,184,Xiang Guangming,Xiang,xiang-guangming,no-pic,1450,52,"waste, environ svcs",,M
186,184,Yuan Yafei,Yuan,yuan-yafei,yuan-yafei,1450,51,"retailing, investments",Fashion and Retail,M
187,187,Ding Xinxin,Ding,ding-xinxin,ding-xinxin,1430,57,construction,Construction & Engineering,M
188,187,Zhu Gongshan,Zhu,zhu-gongshan,zhu-gongshan,1430,57,solar panel materials,Manufacturing,M
189,189,Ao Xiaoqiang,Ao,ao-xiaoqiang,no-pic,1420,51,electrical equipment manufacturing,,M
190,190,Chen Ningning,Chen,chen-ningning,chen-ningning,1410,44,minerals,Metals & Mining,F
191,190,Gao Tianguo,Gao,gao-tianguo,no-pic,1410,64,"real estate, finance",Real Estate,M
192,190,Han Xu & wife,Han,han-xu,no-pic,1410,50,distribution,,M
193,193,Fu Guangming,Fu,fu-guangming,fu-guangming,1400,62,poultry,Food and Beverage,M
194,193,Liu Baolin,Liu,liu-baolin,liu-baolin,1400,62,"pharmacies, drug distribution",Healthcare,M
195,195,Wong Hei,Wong,wong-hei,no-pic-female,1390,53,conglomerate,Diversified,F
196,195,Wu Yiling,Wu,wu-yiling,wu-yiling,1390,66,pharmaceuticals,Healthcare,M
197,197,Chen Baozhen,Chen,chen-baozhen,no-pic-female,1380,72,internet service provider,Technology,F
198,197,Huang Chulong,Huang,huang-chulong,huang-chulong,1380,,real estate,Real Estate,M
199,197,Liu Shaoxi,Liu,liu-shaoxi,liu-shaoxi,1380,51,real estate,Real Estate,M
200,200,Wang Chaobin,Wang,wang-chaobin,wang-chaobin,1370,59,real estate,Real Estate,M
201,200,Zhu Qingyi,Zhu,zhu-qingyi,no-pic,1370,46,real estate,,M
202,202,Fan Zhaoxia,Fan,fan-zhaoxia,no-pic-female,1360,48,photovoltaic equipment,Energy,F
203,202,Li Fuchao,Li,li-fuchao,no-pic,1360,57,auto parts,Automotive,M
204,202,Wei Shaojun,Wei,wei-shaojun,wei-shaojun,1360,52,real estate,Real Estate,M
205,202,Yuan Fugen,Yuan,yuan-fugen,no-pic,1360,65,metal processing,,M
206,206,Zhang Huang,Huang,zhang-huang,no-pic,1350,39,Meizu,,
207,206,Lin Bin,Lin,lin-bin,lin-bin,1350,47,smartphones,Technology,M
208,206,Liu Xuejing,Liu,liu-xuejing,liu-xuejing,1350,64,"copper, poultry",Diversified,M
209,206,Ye Cheng,Ye,ye-cheng,no-pic,1350,53,diversified,Diversified,M
210,206,Yu Rong,Yu,yu-rong,no-pic,1350,43,physical examination,,M
211,211,Huang Qiaoling,Huang,huang-qiaoling,huang-qiaoling,1340,57,tourism,,M
212,212,Cao Kejian,Cao,cao-kejian,cao-kejian,1320,53,air compressors,Manufacturing,M
213,212,Wen Jianping,Wen,wen-jianping,wen-jianping,1320,53,sewage treatment,Service,M
214,212,Yi Zheng,Yi,yi-zheng,no-pic,1320,45,software,Technology,M
215,212,Zhang Hongwei,Zhang,zhang-hongwei,zhang-hongwei,1320,60,"oil, banking",Diversified,M
216,216,Wang Han,Wang,wang-han,no-pic,1310,28,diversified,,M
217,216,Zhou Yaoting,Zhou,zhou-yaoting,no-pic,1310,72,conglomerate,Diversified,M
218,218,Ni Zhaoxing,Ni,ni-zhaoxing,ni-zhaoxing,1300,59,real estate,Real Estate,M
219,218,Sun Shoukuan,Sun,sun-shoukuan,sun-shoukuan,1300,66,chemicals,Manufacturing,M
220,218,Yu Awu,Yu,yu-awu,no-pic,1300,74,jewelry,Manufacturing,M
221,221,He Yamin,He,he-yamin,no-pic,1290,58,manufacturing,,M
222,221,Huang Bingwen,Huang,huang-bingwen,no-pic,1290,61,printing,Manufacturing,M
223,221,Zhang Zhirong,Zhang,zhang-zhirong,zhang-zhirong,1290,46,shipbuilding,Logistics,M
224,224,Lu Di,Lu,lu-di,no-pic,1280,,drones,Technology,M
225,224,Wang Junjin,Wang,wang-junjin,wang-junjin,1280,46,diversified,,M
226,224,Yu Peidi,Yu,yu-peidi,yu-peidi,1280,55,real estate,Real Estate,M
227,224,Zhang Zhongneng,Zhang,zhang-zhongneng,no-pic,1280,52,aluminum,Manufacturing,M
228,224,Zhu Jiman,Zhu,zhu-jiman,no-pic,1280,51,pharmaceuticals,Healthcare,M
229,229,Liu Zhenguo,Liu,liu-zhenguo,no-pic,1270,50,sewage treatment,Service,M
230,230,Cheng Xue,Cheng,cheng-xue,no-pic-female,1260,45,soy sauce maker,Food and Beverage,F
231,230,Geng Diangen,Geng,geng-diangen,no-pic,1260,58,Internet,Technology,M
232,230,Li Zhen,Li,li-zhen,no-pic,1260,51,battery,,M
233,230,Sun Weijie,Sun,sun-weijie,sun-weijie,1260,52,oilfield equipment,Manufacturing,M
234,230,Wang Jiufang,Wang,wang-jiufang,no-pic,1260,51,real estate,,M
235,230,Wang Wenbiao,Wang,wang-wenbiao,wang-wenbiao,1260,58,energy,,M
236,230,Zheng Jianjiang & wife,Zheng,zheng-jianjiang,zheng-jianjiang,1260,54,appliance,,M
237,237,An Kang,An,an-kang,an-kang,1250,66,pharmaceuticals,Healthcare,M
238,237,Wang Haipeng,Wang,wang-haipeng,no-pic,1250,44,paper & related products,Manufacturing,M
239,239,Liu Yiqian,Liu,liu-yiqian,liu-yiqian,1220,51,investments,Investments,M
240,239,Qiu Minxiu,Qiu,qiu-minxiu,no-pic-female,1220,70,semiconductors,,F
241,239,Ren Jianhua,Ren,ren-jianhua,ren-jianhua,1220,59,appliances,,M
242,239,Wan Lianbu,Wan,wan-lianbu,no-pic,1220,50,fertilizers,Manufacturing,M
243,243,Chen Tianqiao,Chen,chen-tianqiao,chen-tianqiao,1200,42,online games,Technology,M
244,243,Dou Zhenggang,Dou,dou-zhenggang,no-pic,1200,62,waste,,M
245,243,Jiang Weiping & wife,Jiang,jiang-weiping,jiang-weiping,1200,60,chemicals,,M
246,243,Liang Zhaoxian,Liang,liang-zhaoxian,liang-zhaoxian,1200,50,appliances,Manufacturing,M
247,243,Ma Hong,Ma,ma-hong,no-pic,1200,48,apparel retailer,Fashion and Retail,M
248,243,Tsui Cham To,Tsui,tsui-cham-to,tsui-cham-to,1200,49,infrastructure,,M
249,243,Wang Qunbin,Wang,wang-qunbin,no-pic,1200,45,conglomerate,Diversified,M
250,243,Zhou Yifeng,Zhou,zhou-yifeng,no-pic-female,1200,37,energy,,F
251,251,Bu Yang,Bu,bu-yang,no-pic-female,1180,,retail,Fashion and Retail,F
252,251,He Zhiping,He,he-zhiping,he-zhiping,1180,51,investments,Investments,M
253,251,Shan Xiangshuang,Shan,shan-xiangshuang,shan-xiangshuang,1180,48,investment,,M
254,254,Chen Yansheng,Chen,chen-yansheng,no-pic,1170,45,entertainment,,M
255,254,Zhang Kaiyuan,Zhang,zhang-kaiyuan,no-pic,1170,61,manufacturing,,M
256,256,Chen Jinsong,Chen,chen-jinsong,chen-jinsong,1160,51,real estate,Real Estate,M
257,256,Gao Dekang,Gao,gao-dekang,gao-dekang,1160,63,apparel,Fashion and Retail,M
258,256,Weiming Pan,Pan,weiming-pan,no-pic,1160,51,real estate,,M
259,256,Su Weizhong,Su,su-weizhong,no-pic,1160,47,oil,,M
260,256,Xia Zuoquan,Xia,xia-zuoquan,xia-zuoquan,1160,53,automobiles,,M
261,261,Chen Qingzhou,Chen,chen-qingzhou,no-pic,1150,50,wireless equipment,Telecom,M
262,261,Fu Kwan,Fu,fu-kwan,fu-kwan,1150,58,diversified,Diversified,M
263,261,Zeng Kaitian,Zeng,zeng-kaitian,no-pic,1150,40,online games,,M
264,264,Ren Zhengfei,Ren,ren-zhengfei,ren-zhengfei,1140,71,telecom equipment,Telecom,M
265,264,Wen Bingrong,Wen,wen-bingrong,no-pic,1140,62,industrial products,,M
266,266,Kong Jian Min,Kong,kong-jian-min,kong-jian-min,1130,47,real estate,Real Estate,M
267,266,Li Yihai,Li,li-yihai,no-pic,1130,52,pharmaceuticals,Medicine,M
268,266,Wei Qi,Wei,wei-qi,wei-qi,1130,60,chemicals,Manufacturing,M
269,269,Chen Haibin,Chen,chen-haibin,chen-haibin,1120,46,healthcare,,M
270,269,Chen Qixing,Chen,chen-qixing,no-pic,1120,56,"telecommunication, manufacturing",Technology,M
271,269,Huang Xiaojie,Huang,huang-xiaojie-1,huang-xiaojie-1,1120,37,investments,,M
272,269,Li Denghai,Li,li-denghai,li-denghai,1120,66,seed production,Food and Beverage,M
273,269,Sun Xiang,Sun,sun-xiang,no-pic,1120,,Steel,,M
274,269,Tang Jian & wife,Tang,tang-jian,no-pic,1120,59,IT Services,,M
275,269,Wang Yong,Wang,wang-yong,wang-yong,1120,65,food sweeteners,Food and Beverage,M
276,276,Chen Dakui,Chen,chen-dakui,no-pic,1110,63,plastic,,M
277,276,Li Rucheng,Li,li-rucheng,li-rucheng,1110,64,apparel,,M
278,276,Liu Dianbo,Liu,liu-dianbo,no-pic,1110,50,pharmaceuticals,Healthcare,M
279,276,Liu Ming Hui,Liu,liu-ming-hui,liu-ming-hui,1110,52,natural gas distribution,Energy,M
280,276,Lu Yonghua,Lu,lu-yonghua,lu-yonghua,1110,52,electronics,Technology,M
281,276,Wang Junhao,Wang,wang-junhao,wang-junhao,1110,43,diversified,,M
282,276,Wang Liping,Wang,wang-liping,no-pic,1110,49,machinery,Manufacturing,M
283,283,Cai Xiaoru,Cai,cai-xiaoru,no-pic,1100,36,electronic Component,,M
284,283,Ou Zonghong,Ou,ou-zonghong,no-pic,1100,45,real estate,Real Estate,M
285,283,Ou Zongrong,Ou,ou-zongrong,ou-zongrong,1100,51,real estate,,M
286,283,Swift Xie,Xie,swift-xie,no-pic,1100,,drones,Technology,M
287,283,Zhu Chongyun,Zhu,zhu-chongyun,zhu-chongyun,1100,51,apparel retailer,Fashion and Retail,F
288,288,Chen Jiancheng,Chen,chen-jiancheng,chen-jiancheng,1090,56,manufacturing,Manufacturing,M
289,288,Sun Pingfan,Sun,sun-pingfan,sun-pingfan,1090,46,knitting machines,Manufacturing,M
290,288,Wang Wenliang,Wang,wang-wenliang,no-pic,1090,60,ship maintenance,Diversified,M
291,291,Li Yong,Li,li-yong-1,no-pic,1080,,chemicals,,M
292,292,Li Guoxiang,Li,li-guoxiang-1,no-pic,1070,,investments,,M
293,292,Ruan Hongxian,Ruan,ruan-hongxian,ruan-hongxian,1070,49,pharmaceuticals,,M
294,292,Wang Linjiang,Wang,wang-linjiang,no-pic,1070,,investments,,M
295,292,Zhou Hongyi,Zhou,zhou-hongyi,zhou-hongyi,1070,45,security software,Technology,M
296,296,Cai Mingtong,Cai,cai-mingtong,no-pic,1060,63,electronic components,,M
297,296,Don Gao,Gao,don-gao,no-pic,1060,50,power tools,Manufacturing,M
298,296,Yao Xinyi,Yao,yao-xinyi,yao-xinyi,1060,51,diversified,Diversified,M
299,299,Hong Xiaobo,Hong,hong-xiaobo,no-pic,1050,43,e-commerce,Fashion and Retail,M
300,299,Qiao Luyu,Qiao,qiao-luyu,no-pic,1050,59,printing services,,M
301,299,Zhang Jun,Zhang,zhang-jun,no-pic,1050,52,"Insurance, real estate",,M
302,302,Chu Mang Yee,Chu,chu-mang-yee,chu-mang-yee,1040,55,real estate,Real Estate,M
303,302,Hua Xuande,Hua,hua-xuande,no-pic,1040,72,Pharmaceuticals,,M
304,302,Li San Yim,Li,li-san-yim,li-san-yim,1040,65,manufacturing,Manufacturing,M
305,302,Liu Changqing,Liu,liu-changqing,liu-changqing,1040,62,manufacturing,Manufacturing,M
306,302,Yao Zhenhua,Yao,yao-zhenhua,yao-zhenhua,1040,45,logistics & real estate,,M
307,302,Zhang Wanzhen,Zhang,zhang-wanzhen,no-pic,1040,65,chemicals,,M
308,302,Zhuang Min,Zhuang,zhuang-min,no-pic,1040,47,electronics,Technology,M
309,309,Chu Jinfu,Chu,chu-jinfu,no-pic,1030,58,electrical power equipment,Manufacturing,M
310,309,Liu Canglong,Liu,liu-canglong-1,liu-canglong-1,1030,60,conglomerate,Diversified,M
311,309,Wang Zhongjun,Wang,wang-zhongjun,wang-zhongjun,1030,55,film production,Media,M
312,309,Zhang Keqiang,Zhang,zhang-keqiang,zhang-keqiang,1030,55,real estate,Real Estate,M
313,309,Zou Bingde,Zou,zou-bingde,no-pic,1030,44,pharmaceutical,,M
314,314,Lv Yongxiang,Lv,lv-yongxiang,no-pic,1020,65,magnetic switchs,,M
315,314,Yin Xingman,Yin,yin-xingman,no-pic,1020,59,automotive starters & rotors,,M
316,314,Zhang Daocai,Zhang,zhang-daocai,no-pic,1020,65,manufacturing,,M
317,317,Lou Zhongfu,Lou,lou-zhongfu,lou-zhongfu,1010,61,real estate,Real Estate,M
318,317,Zhang Bangxin,Zhang,zhang-bangxin,no-pic,1010,35,education,,M
319,319,Chau Chak Wing,Chau,chau-chak-wing,chau-chak-wing,1000,61,real estate,Real Estate,M
320,319,Chen Yunqin,Chen,chen-yunqin,no-pic,1000,73,medical equipment,,M
321,319,Cheng Wei,Cheng,cheng-wei,cheng-wei,1000,,taxi app,,M
322,319,He Zhenggang,He,he-zhenggang,no-pic,1000,61,chemicals,,M
323,319,Jiang Jason Nanchun,Jiang,jiang-jason-nanchun,no-pic,1000,42,media,,M
324,319,Kang Baohua,Kang,kang-baohua,kang-baohua,1000,62,building materials & elevator,,M
325,319,Mo Tianquan,Mo,mo-tianquan,mo-tianquan,1000,51,real estate website,Technology,M
326,319,Ni Yongpei,Ni,ni-yongpei,ni-yongpei,1000,63,wine,,M
327,319,Neil Shen,Shen,neil-shen,neil-shen,1000,45,venture capital investing,Investments,M
328,319,Tu Guoshen,Tu,tu-guoshen,no-pic,1000,50,security & survellance,,M
329,319,Bruno Wu,Wu,bruno-wu,bruno-wu,1000,49,entertainment,,M
330,319,Xiao Fen,Xiao,xiao-fen,no-pic,1000,53,consumer electronics,Manufacturing,M
331,319,Yao Xinquan,Yao,yao-xinquan,no-pic,1000,48,diversified,Diversified,M
332,319,You Xiaoping,You,you-xiaoping,you-xiaoping,1000,57,"chemicals, spandex",Manufacturing,M
333,319,Yu Minhong,Yu,yu-minhong,yu-minhong,1000,53,education,Service,M
334,319,Yuan Zhimin,Yuan,yuan-zhimin,yuan-zhimin,1000,54,plastic,,M
335,319,Zhang Lei,Zhang,zhang-lei-1,zhang-lei-1,1000,,investments,,
336,336,Liu Jianmin & wife,Liu,liu-jianmin,no-pic,980,62,energy,,M
337,337,Liu Haibin,Liu,liu-haibin,no-pic,970,52,consumer products,,M
338,338,Mou Jinxiang,Mou,mou-jinxiang,no-pic-female,960,61,chemicals,,F
339,339,Cao Renxian,Cao,cao-renxian,no-pic,950,47,photovoltaic equipment,,M
340,339,Chen Rong,Chen,chen-rong,no-pic,950,57,diversified,Diversified,M
341,339,Wang Jinshu,Wang,wang-jinshu,no-pic,950,58,chemicals,Manufacturing,M
342,339,Wang Yanqing,Wang,wang-yanqing,no-pic,950,49,electrical equipment,,M
343,339,Xu Qiming,Xu,xu-qiming,xu-qiming,950,52,"food, art",,M
344,344,Miao Hangen,Miao,miao-hangen,miao-hangen,940,50,"textiles, petrochemicals",,M
345,344,Shao Qinxiang,Shao,shao-qinxiang,no-pic,940,61,diversified,,M
346,344,Sun Shangchuan,Sun,sun-shangchuan,no-pic,940,52,electronics components,Technology,M
347,344,Yang Zhimao,Yang,yang-zhimao,no-pic,940,52,"utilities, real estate",Diversified,M
348,348,Yao Jinbo,Yao,yao-jinbo,yao-jinbo,935,39,online marketplace,,M
349,348,Zhou Yunjie,Zhou,zhou-yunjie,zhou-yunjie,935,54,containers & packaging,,M
350,350,Chen Jinfeng,Chen,chen-jinfeng,no-pic-female,930,52,retail-appliances,,F
351,350,Chen Yihong,Chen,chen-yihong,chen-yihong,930,57,retail,Fashion and Retail,M
352,350,Hao Zhenxi,Hao,hao-zhenxi,no-pic,930,47,medical instruments,,M
353,350,Lu Jonathan,Lu,lu-jonathan,no-pic,930,,Alibaba,,M
354,350,Peng Lei,Peng,peng-lei,peng-lei,930,,Alibaba,,F
355,350,Wang Yunfu,Wang,wang-yunfu,no-pic,930,53,"chemicals, pharmaceutical",,M
356,356,Fan Yonggui,Fan,fan-yonggui,no-pic,920,65,joint-equity,,M
357,356,Hu Jiqiang,Hu,hu-jiqiang,hu-jiqiang,920,54,pharmaceuticals,,M
358,356,Wang Xicheng,Wang,wang-xicheng,no-pic,920,67,tires,Manufacturing,M
359,356,Yang Wenlong,Yang,yang-wenlong,no-pic,920,53,pharmaceutical,,M
360,356,Yao Wenbin,Yao,yao-wenbin,no-pic,920,45,software,Technology,M
361,361,Su Zengfu,Su,su-zengfu,su-zengfu,915,74,housewares,,M
362,361,Zhang Haiming,Zhang,zhang-haiming,no-pic,915,54,health care facilities,,M
363,363,Hu Baifan,Hu,hu-baifan,hu-baifan,910,53,"vitamins, pharmaceuticals",,M
364,363,Lu Keping,Lu,lu-keping,lu-keping,910,71,"textiles, solar energy",,M
365,363,Zhang Xuansong,Zhang,zhang-xuansong,zhang-xuansong,910,44,supermarket,,M
366,363,Zhou Fuhai,Zhou,zhou-fuhai,no-pic,910,55,aluminum products,,M
367,367,Ai Lihua,Ai,ai-lihua,no-pic,900,57,electrical equipment,,M
368,367,Cui Genliang,Cui,cui-genliang,cui-genliang,900,57,manufacturing,,M
369,367,Huang Nubo,Huang,huang-nubo,huang-nubo,900,59,real estate,,M
370,367,Li Dongjun,Li,li-dongjun,no-pic,900,,logistics,,M
371,367,Li Yongjun,Li,li-yongjun,no-pic,900,48,food,Food and Beverage,M
372,367,Liu Chengyan,Liu,liu-chengyan,no-pic,900,50,IT services,,M
373,367,Niu Yishun,Niu,niu-yishun,no-pic,900,60,tires,Manufacturing,M
374,367,Wang Qicheng,Wang,wang-qicheng,no-pic,900,35,entertainment,,M
375,367,Wang Xiue,Wang,wang-xiue,no-pic-female,900,47,"real estate, insurance",,F
376,367,Zhao Buchang,Zhao,zhao-buchang,zhao-buchang,900,73,pharmaceuticals,Healthcare,M
377,377,Wu Qiang,Wu,wu-qiang,no-pic,895,35,investments,,M
378,378,Gao Yugen,Gao,gao-yugen,no-pic,890,49,manufacturing,,M
379,378,Liu Guoben,Liu,liu-guoben,no-pic,890,71,auto parts,,M
380,378,Qian Yixiang,Qian,qian-yixiang,qian-yixiang,890,41,electrical power equipment,,M
381,378,Sun Yi,Sun,sun-yi,no-pic,890,48,manufacturing,,M
382,382,Meng Qingnan,Meng,meng-qingnan,no-pic,885,57,telecommunications,Telecom,M
383,382,Wang Zhentao,Wang,wang-zhentao,wang-zhentao,885,50,shoes,,M
384,384,Cheung Yan,Cheung,cheung-yan,cheung-yan,880,58,paper,Manufacturing,F
385,384,Wang Kunxiao,Wang,wang-kunxiao,no-pic,880,46,oilfield equipment,Manufacturing,M
386,384,Xia Dinghu,Xia,xia-dinghu-1,no-pic,880,,auto parts,,M
387,387,Chen Chichang,Chen,chen-chichang,no-pic,875,44,education,,M
388,388,Lin Guofang,Lin,lin-guofang,no-pic,870,61,textile,,M
389,388,Yan Xijun,Yan,yan-xijun,yan-xijun,870,62,pharmaceuticals,,M
390,390,Wan Yongxing,Wan,wan-yongxing,no-pic,865,44,logistics & real estate,,M
391,390,Wang Youlin,Wang,wang-youlin,no-pic,865,52,electrical equipment,,M
392,392,Chen Jiangtao,Chen,chen-jiangtao,no-pic,860,54,software,,M
393,392,Zhu Guoding,Zhu,zhu-guoding,no-pic,860,50,electrical equipment,,M
394,394,Hon Kwok Lung,Hon,hon-kwok-lung,no-pic,850,60,real estate,,M
395,394,Wang Yonghong,Wang,wang-yonghong,no-pic,850,43,real estate,,M
396,394,Xu Chuanhua,Xu,xu-chuanhua,no-pic,850,80,chemicals,Manufacturing,M
397,394,Yang Jianxin & wife,Yang,yang-jianxin,no-pic,850,46,apparel,,M
398,394,Wenchen Yao,Yao,wenchen-yao,no-pic,850,,playing cards,,
399,394,Ye Yuanxi,Ye,ye-yuanxi,ye-yuanxi,850,53,decorations,Service,M
400,394,Zhang Xuanning,Zhang,zhang-xuanning,no-pic,850,45,retail,,M
